date,covid treatment,treatment for covid,treat covid,covid in old,covid fever,covid vaccine,covid in adults,covid testing,what to do if you have covid,coronavirus,ICU,covid death rate,stimulus package,how long does covid last,thermoscan,covid incubation period,covid,covid symptoms,how long is covid contagious,fever and cough,covid pneumonia,quarantine,unemployment rate,covid recovery time,covid cdc,cdc suggestion,covid side effects,how contagious is covid,signs of covid,covid cases,vaccine,how to get rid of covid,covid in children,how to treat covid,covid infection rate,reopen,covid report,do I have covid,mask,social distancing,zoom,work from home,how bad is covid in,Anthony Fauci,ventilator,travel ban,black lives matter,protests,loot,Tik Tok ban,symptons of covid,covid duration,covid contagious,covid or cold,covid medicine,normal body,is covid contagious,body temperature,testing covid,covid vs cold,get over covid,dangerous fever,second outbreak,covid outbreak,lockdown,online classes,college basketball,college football
2020-01-01,0,0,0,0,0,0,0,0,0,0,22,0,0,0,0,0,0,0,0,36,0,2,12,0,0,0,0,0,0,0,4,0,0,0,0,1,0,0,4,0,1,19,0,0,0,0,1,1,16,0,0,0,0,0,0,0,0,16,0,0,0,0,0,0,0,13,40,78
2020-01-02,0,0,0,0,0,0,0,0,0,0,18,0,0,0,0,0,0,0,0,0,0,3,20,0,0,0,0,0,0,0,13,0,0,0,0,1,0,0,4,0,3,21,0,0,5,0,1,1,27,0,0,0,0,0,0,20,0,27,0,0,0,0,0,0,1,16,45,52
2020-01-03,0,0,0,0,0,0,0,0,0,0,54,0,0,0,0,0,0,0,0,30,0,2,10,0,0,0,0,0,0,0,21,0,0,0,0,0,0,0,4,0,3,16,0,0,5,0,1,1,18,0,0,0,0,0,0,20,0,26,0,0,0,0,0,0,0,11,39,31
2020-01-04,0,0,0,0,0,0,0,0,0,0,20,0,0,0,55,0,0,0,0,0,0,0,11,0,0,0,0,0,0,0,10,0,0,0,0,1,0,0,3,0,2,18,0,0,10,0,1,1,22,0,0,0,0,0,0,23,0,15,0,0,0,0,0,0,1,24,37,18
2020-01-05,0,0,0,0,0,0,0,0,0,0,38,0,0,0,0,0,0,0,0,32,0,1,17,0,0,0,0,0,0,0,14,0,0,0,0,0,0,0,6,0,2,14,0,0,5,1,0,1,35,0,0,0,0,0,0,0,0,0,0,0,0,0,0,0,1,11,33,10
2020-01-06,0,0,0,0,0,0,0,0,0,0,34,0,0,0,0,0,0,0,0,0,0,1,14,0,0,0,0,0,0,0,18,0,0,0,0,1,0,0,3,0,3,25,0,0,4,1,1,1,19,0,0,0,0,0,0,0,0,13,0,0,0,0,0,0,1,14,22,16
2020-01-07,0,0,0,0,0,0,0,0,0,0,44,0,0,0,0,0,0,0,0,29,0,1,19,0,0,0,0,0,0,0,24,0,0,0,0,1,0,0,4,0,5,28,0,0,0,1,1,1,30,22,0,0,0,0,0,20,0,21,0,0,0,0,98,0,1,14,27,9
2020-01-08,0,0,0,0,0,0,0,0,0,0,17,0,0,0,0,0,0,0,0,0,0,1,13,0,0,0,0,0,0,0,17,0,0,0,0,0,0,0,4,0,4,18,0,0,0,0,1,1,25,0,0,0,0,0,0,19,0,13,0,0,0,0,0,0,1,21,49,11
2020-01-09,0,0,0,0,0,0,0,0,0,0,0,0,0,0,95,0,0,0,0,29,0,1,19,0,0,0,0,0,0,0,23,0,0,0,0,0,0,0,5,0,4,18,0,0,5,0,1,1,13,0,0,0,0,0,0,19,0,19,0,0,0,0,0,0,1,10,32,9
2020-01-10,0,0,0,0,0,0,0,0,0,0,18,0,0,0,0,0,0,0,0,30,0,2,13,0,0,0,0,0,0,0,28,0,0,0,0,1,0,0,3,0,3,16,0,0,5,1,0,1,26,0,0,0,0,0,0,20,0,13,0,0,0,0,0,0,1,21,54,10
2020-01-11,0,0,0,0,0,0,0,0,0,0,32,0,0,0,0,0,0,0,0,0,0,2,12,0,0,0,0,0,0,0,8,0,0,0,0,1,0,0,4,0,4,9,0,0,5,3,1,1,15,0,0,0,0,0,0,0,0,15,0,0,0,0,0,0,1,12,50,12
2020-01-12,0,0,0,0,0,0,0,0,0,0,0,0,0,0,0,0,0,0,0,0,0,0,11,0,0,0,0,0,0,0,11,0,0,0,0,0,0,0,5,0,2,13,0,0,5,0,1,3,22,0,0,0,0,0,0,22,0,15,0,0,0,58,0,0,0,24,47,14
2020-01-13,0,0,0,0,0,0,0,0,0,0,16,0,0,0,0,0,0,0,0,27,0,0,12,0,0,0,0,0,0,0,21,0,0,0,0,1,0,0,4,0,6,35,0,0,4,0,0,1,12,0,0,0,0,0,0,18,0,23,0,0,0,47,0,0,0,19,22,28
2020-01-14,0,0,0,0,0,0,0,0,0,0,15,0,0,0,0,0,0,0,0,26,0,1,17,0,0,0,0,0,0,0,16,0,0,0,0,1,0,0,3,0,4,20,0,0,0,0,1,1,22,0,0,0,0,0,0,35,0,23,0,0,0,0,0,0,0,12,27,100
2020-01-15,0,0,0,0,0,0,0,0,0,0,58,0,0,0,0,0,0,0,0,28,0,0,14,0,0,0,0,0,0,0,19,0,0,0,0,1,0,0,4,0,4,15,0,0,0,2,1,1,49,0,0,0,0,0,0,0,0,24,0,0,0,0,0,0,1,26,41,11
2020-01-16,0,0,0,0,0,0,0,0,0,0,17,0,0,0,0,0,0,0,0,0,0,2,16,0,0,0,0,0,0,0,14,0,0,0,0,0,0,0,3,0,3,13,0,0,4,0,0,1,17,0,0,0,0,0,0,19,0,38,0,0,0,0,0,0,1,26,47,3
2020-01-17,0,0,0,0,0,0,0,0,0,0,35,0,0,0,0,0,0,0,0,30,0,1,24,0,0,0,0,0,0,0,17,0,0,0,0,1,0,0,4,0,4,31,0,0,0,0,1,1,13,0,0,0,0,0,0,40,0,39,0,0,0,52,0,0,1,14,24,5
2020-01-18,0,0,0,0,0,0,0,0,0,0,42,0,0,0,0,0,0,0,0,0,0,0,11,0,0,0,0,0,0,0,10,0,0,0,0,0,0,0,3,0,1,9,0,0,0,1,1,1,25,0,0,0,0,0,0,23,0,31,0,0,0,0,0,0,0,25,72,5
2020-01-19,0,0,0,0,0,0,0,0,0,0,40,0,0,0,0,0,0,0,0,0,0,1,11,0,0,0,0,0,0,0,11,0,0,0,0,0,0,0,4,0,3,15,0,0,0,0,0,0,22,0,0,0,0,0,0,23,0,35,0,0,0,0,0,0,0,18,52,9
2020-01-20,0,0,0,0,0,0,0,0,0,0,24,0,0,0,0,0,0,0,0,0,0,1,15,0,0,0,0,0,0,0,16,0,0,0,0,0,0,0,5,0,4,12,0,0,5,0,0,1,27,0,0,0,0,0,0,21,0,18,0,0,0,0,0,0,1,16,29,5
2020-01-21,0,0,0,0,0,0,0,0,0,3,0,0,0,0,46,0,0,0,0,0,0,2,28,0,0,0,0,0,0,0,14,0,0,0,0,0,0,0,4,0,3,17,0,0,4,1,1,1,13,0,0,0,0,0,0,25,0,19,0,0,0,0,0,0,0,15,28,4
2020-01-22,0,0,0,0,0,0,0,0,0,3,17,0,0,0,0,0,0,0,0,0,0,1,28,0,0,0,0,0,0,0,20,0,0,0,0,1,0,0,6,0,5,17,0,0,0,4,1,1,17,0,0,0,0,0,0,38,0,38,0,0,0,0,0,0,0,24,28,6
2020-01-23,0,0,0,0,0,0,0,0,0,4,17,0,0,0,0,0,0,0,0,0,0,4,14,0,0,0,0,0,0,0,14,0,0,0,0,1,0,0,4,0,4,15,0,0,9,3,1,1,25,0,0,0,0,0,0,25,0,29,0,0,0,0,0,0,1,10,54,5
2020-01-24,0,0,0,0,0,0,0,0,0,6,18,0,0,0,0,0,0,0,0,30,0,3,22,0,0,0,0,0,0,0,18,0,0,0,0,1,0,0,6,0,3,15,0,0,5,1,1,2,19,0,0,0,0,0,0,39,0,17,0,0,0,0,0,0,1,21,27,6
2020-01-25,0,0,0,0,0,0,0,0,0,8,30,0,0,0,0,0,0,0,0,0,0,2,11,0,0,0,0,0,0,0,23,0,0,0,0,1,0,0,7,0,2,9,0,0,0,0,0,1,37,0,0,0,0,0,0,46,0,20,0,0,0,0,0,0,1,12,65,4
2020-01-26,0,0,0,0,0,0,0,0,0,9,0,0,0,0,0,0,0,0,0,31,0,4,31,0,0,0,0,0,0,0,15,0,0,0,0,1,0,0,9,0,1,8,0,0,0,1,0,1,20,0,0,0,0,0,0,21,0,27,0,0,0,55,0,0,1,28,58,5
2020-01-27,0,0,0,0,0,0,0,0,0,10,16,0,0,0,0,0,0,0,0,26,0,3,9,0,0,0,0,0,0,0,23,0,0,0,0,1,0,0,7,0,3,16,0,0,0,1,1,0,27,0,0,0,0,0,0,0,0,12,0,0,0,0,0,0,0,23,30,3
2020-01-28,0,0,0,0,0,0,0,0,0,11,16,0,0,0,45,0,0,0,0,0,0,3,22,0,0,0,0,0,0,0,27,0,0,0,0,0,0,0,9,0,5,12,0,0,0,3,1,1,18,0,0,0,0,0,0,25,0,28,0,0,0,49,0,0,1,24,21,5
2020-01-29,0,0,0,0,0,0,0,0,0,11,25,0,0,0,0,0,0,0,0,0,0,2,9,0,0,0,0,0,0,0,32,0,0,0,0,1,0,0,9,0,5,12,0,0,9,3,1,1,19,0,0,0,0,0,0,19,0,21,0,0,0,0,0,0,0,13,42,4
2020-01-30,0,0,0,0,0,0,0,0,0,12,17,0,0,0,47,0,0,0,0,0,0,6,23,0,0,0,0,0,0,0,26,0,0,0,0,0,0,0,10,0,4,25,0,0,4,1,1,3,13,0,0,0,0,0,0,0,0,21,0,0,0,50,0,0,1,10,47,2
2020-01-31,0,0,0,0,0,0,0,0,0,11,18,0,0,0,0,0,0,0,0,0,0,5,10,0,0,0,0,0,0,0,26,0,0,0,0,1,0,0,10,0,3,10,0,0,5,4,1,2,19,0,0,0,0,0,0,20,0,17,0,0,0,0,0,0,1,16,22,3
2020-02-01,0,0,0,0,0,0,0,0,0,15,20,0,0,0,0,0,0,0,0,34,0,4,11,0,0,0,0,0,0,0,18,0,0,0,0,0,0,0,12,0,2,18,0,0,0,8,2,2,30,0,0,0,0,0,0,23,0,22,0,0,0,0,0,0,1,12,72,4
2020-02-02,0,0,0,0,0,0,0,0,0,12,20,0,0,0,0,0,0,0,0,0,0,3,11,0,0,0,0,0,0,0,18,0,0,0,0,1,0,0,10,0,2,17,0,0,0,6,1,1,14,0,0,0,0,0,0,22,0,29,0,0,0,56,0,0,1,23,53,7
2020-02-03,0,0,0,0,0,0,0,0,0,8,23,0,0,0,0,0,0,0,0,0,0,3,17,0,0,0,0,0,0,0,19,0,0,0,0,1,0,0,9,0,3,20,0,0,0,2,1,0,22,0,0,0,0,0,0,52,0,19,0,0,0,0,0,0,0,18,21,4
2020-02-04,0,0,0,0,0,0,0,0,0,7,27,0,0,0,0,0,0,0,0,0,0,2,9,0,0,0,0,0,0,0,25,0,0,0,0,1,0,0,7,0,5,12,0,0,4,2,1,1,12,0,0,0,0,0,0,37,0,24,0,0,0,0,0,0,2,10,38,3
2020-02-05,0,0,0,0,0,0,0,0,0,6,25,0,1,0,45,0,0,0,0,0,0,3,30,0,0,0,0,0,0,0,25,0,0,0,0,1,0,0,5,0,5,29,0,0,4,2,1,1,0,0,0,0,0,0,0,19,0,24,0,0,0,0,0,0,1,15,41,6
2020-02-06,0,0,0,0,0,0,0,0,0,6,49,0,0,0,0,0,0,0,0,28,0,4,27,0,0,0,0,0,0,0,17,0,0,0,0,1,0,0,6,0,4,17,0,0,4,4,2,1,18,0,0,0,0,0,0,19,0,18,0,0,0,49,0,0,0,10,39,6
2020-02-07,0,0,0,0,0,0,0,0,0,7,28,0,0,0,0,0,0,0,0,29,0,4,19,0,0,0,0,0,0,0,20,0,0,0,0,1,0,0,6,0,5,15,0,0,4,1,1,1,13,0,0,0,0,0,0,19,0,25,0,0,0,51,0,0,1,10,31,3
2020-02-08,0,0,0,0,0,0,0,0,0,5,20,0,0,0,0,0,0,0,0,34,0,4,22,0,0,0,0,0,0,0,17,0,0,0,0,1,0,0,8,0,3,13,0,0,0,1,0,2,20,0,0,0,0,0,0,23,0,20,0,0,0,0,0,0,1,12,46,5
2020-02-09,0,0,0,0,0,0,0,0,0,5,50,0,0,0,0,0,0,0,0,34,0,4,11,0,0,0,0,0,0,0,10,0,0,0,0,1,0,0,7,0,3,9,0,0,0,1,1,1,34,0,0,0,0,0,0,22,0,22,0,0,0,0,0,0,2,12,53,5
2020-02-10,0,0,0,0,0,0,0,0,0,4,32,0,0,0,0,0,0,0,0,0,0,2,13,0,0,0,0,0,0,0,11,0,0,0,0,1,0,0,5,0,4,18,0,0,4,1,1,1,12,0,0,0,0,0,0,45,0,18,0,0,0,0,0,0,0,10,35,4
2020-02-11,0,0,0,0,0,0,0,0,0,5,16,0,0,0,0,0,0,0,0,0,0,4,20,0,0,0,0,0,0,2,16,0,0,0,0,0,0,0,6,0,3,19,0,0,0,1,1,1,16,0,0,0,0,0,0,18,0,30,0,0,0,0,0,0,0,19,25,3
2020-02-12,0,0,0,0,0,6,0,0,0,4,38,0,0,0,0,0,0,0,0,37,0,2,18,0,0,0,0,0,0,0,9,0,0,0,0,1,0,0,5,0,5,19,0,0,4,1,1,1,48,0,0,0,0,0,0,36,0,24,0,0,0,0,0,0,0,16,40,3
2020-02-13,0,0,0,0,0,0,0,0,0,5,25,0,0,0,0,0,0,3,0,0,0,2,15,0,0,0,0,0,0,0,20,0,0,0,0,1,0,0,5,0,3,15,0,0,4,1,2,1,36,0,0,0,0,0,0,19,0,28,0,0,0,0,0,0,1,20,38,3
2020-02-14,0,0,0,0,0,0,0,0,0,4,34,0,0,0,0,0,0,3,0,0,0,1,19,0,0,0,0,0,0,0,16,0,0,0,0,1,0,0,5,0,4,8,0,0,0,2,1,1,32,0,0,0,0,0,0,19,0,13,0,0,0,52,0,0,0,0,37,4
2020-02-15,0,0,0,0,0,0,0,2,0,3,21,0,0,0,0,0,1,0,0,35,0,2,11,0,0,0,0,0,0,2,14,0,0,0,0,1,0,0,6,0,3,15,0,0,5,0,0,1,30,0,0,0,0,0,0,0,0,15,2,0,0,0,0,0,1,12,73,2
2020-02-16,0,0,0,0,0,0,0,0,0,3,40,0,0,0,0,0,0,0,0,69,0,2,11,0,7,0,0,0,0,0,10,0,0,0,0,1,33,0,5,0,4,18,0,0,5,1,0,0,15,0,0,0,0,0,0,23,0,37,0,0,0,0,0,0,0,12,65,5
2020-02-17,0,0,0,0,18,0,0,0,0,4,25,0,0,0,51,0,0,0,0,63,0,4,0,0,0,0,0,0,0,0,13,0,0,0,0,0,0,0,5,0,3,25,0,0,10,0,1,1,14,0,0,0,0,0,0,0,0,14,0,0,0,0,0,0,0,19,52,4
2020-02-18,0,0,0,0,0,0,0,0,0,4,25,0,0,0,0,33,0,0,0,28,0,1,12,0,0,0,0,0,0,0,18,0,0,0,0,1,0,0,4,0,4,17,0,0,4,2,0,1,25,0,0,0,0,0,0,19,0,19,0,0,0,0,0,0,1,0,39,4
2020-02-19,0,0,0,0,0,0,0,0,0,3,26,0,0,0,0,0,1,0,0,0,0,6,14,0,0,0,0,0,0,2,19,0,0,0,0,0,0,0,6,0,5,12,0,0,0,1,0,1,17,0,0,0,0,0,0,19,0,31,0,0,0,0,0,0,0,20,36,6
2020-02-20,0,0,0,0,0,0,0,0,0,3,0,0,0,0,0,0,1,0,0,29,0,2,19,0,6,0,0,0,0,2,21,0,0,0,0,0,0,0,6,0,4,19,0,0,0,1,1,1,38,0,0,0,0,0,0,19,0,25,0,0,0,0,0,0,1,15,61,5
2020-02-21,0,0,0,0,0,0,0,0,0,4,0,0,0,0,0,0,1,0,0,0,0,3,24,0,6,0,0,0,0,0,21,0,0,0,0,1,0,0,5,0,4,8,0,0,5,1,1,0,19,0,0,0,0,0,0,0,0,19,0,0,0,0,0,0,1,16,34,4
2020-02-22,0,0,0,0,0,0,0,0,0,4,20,0,0,0,0,0,1,0,0,0,0,1,11,0,0,0,0,0,0,2,25,0,0,0,0,1,0,0,6,0,2,17,0,9,0,0,1,1,24,0,0,0,0,0,0,33,0,29,0,0,0,0,0,0,1,24,100,3
2020-02-23,0,0,0,0,0,0,0,0,0,5,0,0,0,0,0,0,1,0,0,0,0,3,11,0,0,0,0,0,0,0,17,0,0,0,0,0,0,0,7,0,2,17,0,18,0,1,0,1,29,0,0,0,0,0,0,29,0,33,0,0,0,0,0,0,2,17,52,4
2020-02-24,19,0,0,0,0,6,0,0,0,7,24,19,0,0,0,32,2,6,0,0,0,5,12,0,6,0,0,0,0,2,28,0,0,0,0,0,0,0,7,0,5,10,0,8,4,2,0,1,24,0,0,0,0,0,0,36,0,12,0,0,0,0,0,0,0,19,31,3
2020-02-25,0,0,0,0,0,11,0,0,0,11,16,0,0,0,0,0,2,3,0,0,0,4,17,0,6,0,0,0,0,3,37,0,0,0,0,0,0,0,10,0,4,12,0,7,0,2,1,1,24,0,0,0,0,0,0,36,0,12,0,0,0,0,0,0,1,14,31,4
2020-02-26,0,0,0,0,0,5,0,0,0,17,21,0,0,0,0,0,3,0,0,26,0,6,23,0,6,0,0,0,0,0,51,0,0,0,0,1,0,0,20,0,4,14,0,7,4,1,1,1,19,0,0,0,0,0,0,17,0,23,0,0,0,0,0,0,0,14,50,4
2020-02-27,18,0,0,0,0,5,0,0,0,18,26,19,0,0,0,0,4,3,0,27,0,12,14,0,11,0,0,0,0,3,39,0,0,0,0,0,0,0,21,0,5,17,0,15,6,3,1,1,23,0,0,0,0,44,0,35,0,19,1,0,0,0,0,32,1,19,42,4
2020-02-28,19,0,0,0,16,6,0,2,0,19,16,19,0,0,0,0,4,3,0,28,0,11,13,0,12,0,0,0,0,2,41,0,0,0,0,1,0,0,18,3,5,18,0,8,4,1,1,1,24,0,0,0,0,0,0,18,0,20,2,0,0,0,0,0,0,15,42,4
2020-02-29,0,37,0,0,0,7,0,0,0,19,19,23,0,0,53,0,5,3,0,0,0,6,21,0,14,0,0,0,0,3,42,0,0,0,40,0,0,0,15,4,3,17,0,21,5,6,0,1,28,0,0,0,0,0,0,0,0,14,0,0,0,57,0,0,1,35,73,2
2020-03-01,0,0,0,0,0,6,0,2,0,18,0,22,1,0,51,0,5,6,0,32,0,11,10,0,14,0,0,0,0,4,23,0,0,0,0,1,0,0,14,0,2,8,0,9,0,4,1,1,32,0,0,0,0,0,0,21,0,14,2,0,0,0,0,0,1,11,53,4
2020-03-02,36,0,0,0,15,16,0,0,0,28,16,0,0,48,43,62,7,8,0,27,0,15,9,0,14,0,0,0,0,2,41,0,0,0,0,0,26,0,12,0,5,31,0,17,0,5,1,1,18,0,0,0,0,0,0,24,0,23,0,0,0,0,0,32,1,14,42,2
2020-03-03,0,0,0,0,16,0,0,0,0,25,16,19,0,24,0,32,6,4,0,0,0,10,14,0,14,0,0,0,0,2,31,0,0,0,0,1,0,0,9,0,5,16,0,15,4,3,0,0,18,0,0,0,0,0,0,0,0,23,0,0,0,0,0,0,1,16,42,3
2020-03-04,0,0,0,0,0,5,0,0,0,21,15,18,0,0,42,0,7,7,0,26,0,8,8,0,22,0,0,38,0,5,36,0,0,0,0,1,0,0,7,0,5,27,0,7,4,4,0,0,41,0,0,0,0,0,0,29,0,11,1,0,0,45,0,0,0,23,39,3
2020-03-05,0,0,0,0,0,5,0,0,0,27,16,19,0,0,0,0,9,5,98,27,0,12,35,0,18,0,0,0,0,6,31,0,0,0,0,1,0,0,9,3,7,23,0,11,4,5,1,1,23,0,0,0,26,45,0,18,0,24,0,0,0,0,0,33,0,14,40,2
2020-03-06,0,32,37,0,16,6,0,2,0,34,16,39,0,25,0,32,15,13,0,27,28,14,12,0,44,0,0,0,0,7,36,0,0,0,34,1,40,0,11,0,5,14,44,8,8,4,0,1,24,0,0,0,0,46,0,37,0,30,2,0,0,0,0,33,1,10,63,3
2020-03-07,0,0,0,0,38,0,0,2,0,35,19,46,0,0,0,0,14,21,0,0,0,18,16,0,21,0,0,0,0,6,42,0,0,0,0,1,0,38,10,4,4,9,0,9,5,2,1,0,36,0,0,0,31,0,0,22,0,33,2,59,0,0,0,0,1,15,89,3
2020-03-08,22,0,0,0,0,7,0,2,0,32,0,23,0,0,52,38,13,16,0,0,0,18,21,0,16,0,0,0,0,6,17,0,0,0,0,0,32,0,9,4,3,11,0,30,5,2,0,1,28,0,0,0,61,0,0,32,0,23,2,58,0,57,0,0,2,11,54,4
2020-03-09,18,0,0,0,16,8,0,2,48,43,16,19,1,24,0,32,21,31,0,27,27,26,9,0,29,0,0,40,20,13,29,0,0,0,0,1,27,0,9,12,7,47,0,23,4,2,1,1,35,0,0,0,26,0,0,72,42,24,2,0,0,0,0,33,5,19,40,4
2020-03-10,18,0,37,0,31,7,0,2,0,61,31,56,1,0,0,31,30,36,0,27,26,34,13,0,27,0,0,0,0,14,49,0,0,0,0,1,51,0,9,8,13,58,0,12,0,5,0,1,15,0,0,0,25,0,0,24,42,41,1,0,0,0,0,0,5,100,43,2
2020-03-11,36,45,36,44,23,7,0,3,46,70,47,19,0,24,43,31,39,52,0,26,0,34,9,0,55,0,0,0,19,29,52,0,0,48,0,1,26,30,12,12,21,76,0,24,8,5,0,0,12,0,0,33,25,44,67,44,0,46,3,71,0,0,0,32,5,75,55,2
2020-03-12,89,0,36,43,23,14,0,6,69,100,54,25,1,70,42,0,54,69,47,52,26,60,8,64,64,0,0,0,28,34,75,0,26,48,0,1,26,45,14,31,24,100,0,22,12,100,1,0,11,0,46,32,25,0,49,69,41,68,7,47,0,0,0,79,9,34,36,1
2020-03-13,0,0,0,46,32,7,51,7,0,84,33,58,1,58,90,54,61,70,0,42,28,68,18,0,100,0,0,0,20,35,72,0,0,0,0,1,0,0,13,44,21,75,0,61,15,28,1,1,20,0,49,0,61,0,35,98,88,44,8,100,0,0,0,100,12,46,12,1
2020-03-14,45,37,0,0,38,10,0,15,0,77,59,46,1,59,0,58,57,74,0,100,33,62,16,0,64,0,40,0,24,44,55,48,0,0,0,2,0,38,12,65,16,37,0,27,20,46,0,1,50,0,0,41,42,55,42,95,0,72,12,59,0,0,0,40,22,23,9,2
2020-03-15,0,53,0,52,100,22,57,11,0,99,37,22,1,37,51,73,71,83,0,31,0,81,30,79,36,0,0,0,46,59,65,0,0,0,38,1,62,36,13,100,21,55,49,70,13,31,0,1,14,0,55,0,45,52,0,49,0,77,11,85,0,0,0,38,34,44,9,2
2020-03-16,27,0,37,0,38,16,0,19,47,89,47,37,1,63,43,62,82,93,0,40,27,100,17,0,79,0,0,40,29,50,96,0,27,48,32,2,39,30,12,71,41,76,0,37,20,25,0,0,17,0,0,33,38,44,0,59,0,85,16,95,0,0,0,43,31,53,7,3
2020-03-17,18,30,73,44,31,14,0,16,47,75,37,37,5,35,43,41,71,61,0,53,0,71,26,0,38,0,32,0,38,54,77,0,27,0,0,2,26,60,14,57,48,58,0,54,19,13,1,0,29,0,0,0,63,0,33,100,42,96,15,0,0,0,0,64,28,78,12,3
2020-03-18,19,0,56,46,64,19,51,13,49,69,43,19,12,33,59,86,72,78,0,28,0,59,48,0,70,0,0,40,20,61,47,0,27,50,100,2,40,47,13,73,53,60,0,43,32,10,1,1,24,0,0,0,26,0,52,67,43,100,12,0,0,0,0,0,22,39,9,1
2020-03-19,27,60,36,59,54,18,49,13,70,68,58,19,8,71,86,31,83,100,48,27,27,68,63,66,73,0,0,40,39,63,56,39,54,0,0,4,78,30,16,71,65,67,0,32,41,9,0,0,23,20,0,100,42,0,100,77,0,50,12,48,49,47,0,32,23,63,6,1
2020-03-20,27,30,36,0,23,18,0,14,47,69,52,25,9,47,42,0,85,87,0,26,39,87,45,64,51,0,32,0,19,63,41,0,26,48,0,3,26,45,21,68,65,46,0,73,42,9,0,0,23,0,0,0,37,0,50,44,41,61,13,95,48,0,0,63,100,37,6,2
2020-03-21,42,35,0,0,27,9,0,10,0,67,55,33,9,28,50,36,84,94,0,31,46,80,37,0,29,0,75,0,22,69,46,45,0,0,38,4,60,35,32,66,45,35,0,100,55,4,1,1,14,0,0,0,29,0,39,62,0,58,7,55,0,0,0,74,56,44,20,3
2020-03-22,81,67,55,0,77,16,55,14,53,68,53,42,12,27,48,52,85,88,0,45,50,72,24,0,37,0,0,0,54,89,42,0,30,0,0,4,0,34,28,59,52,31,0,39,44,4,1,1,26,0,0,37,47,100,37,49,47,43,15,54,0,0,99,90,50,60,10,2
2020-03-23,25,55,50,66,49,8,0,12,42,62,28,34,14,43,38,42,97,100,0,0,24,61,54,60,35,0,29,0,44,66,41,0,24,44,30,3,35,28,24,33,90,46,0,80,37,8,0,0,35,0,42,0,34,60,30,48,0,77,12,43,0,0,0,29,78,57,5,2
2020-03-24,71,30,72,43,53,18,0,13,0,55,57,37,33,39,0,31,81,84,0,26,26,56,45,64,36,0,31,0,57,68,38,38,52,48,32,3,26,75,21,50,97,34,0,82,64,4,0,0,23,0,0,0,50,0,33,46,82,76,11,71,0,0,0,32,31,77,9,4
2020-03-25,36,40,0,0,62,8,48,12,47,53,42,25,100,36,0,63,91,87,97,27,67,56,32,0,50,0,32,59,29,73,28,39,27,0,33,4,52,46,20,29,88,46,0,52,74,5,0,0,53,0,47,34,34,67,33,53,84,62,14,95,0,0,0,64,15,41,11,3
2020-03-26,63,60,36,44,38,11,48,10,0,53,52,19,55,24,0,62,94,80,0,27,53,48,100,0,48,0,0,0,19,85,42,0,0,49,0,4,52,61,20,49,93,55,0,32,63,4,0,1,23,0,0,33,0,0,50,47,0,50,10,0,49,0,0,53,12,56,9,2
2020-03-27,35,29,35,43,45,13,48,11,0,54,97,27,39,23,42,30,95,86,0,26,26,53,64,0,50,0,0,38,56,92,30,0,0,48,0,3,75,44,20,37,95,38,0,53,100,4,0,0,19,0,0,0,25,43,32,74,41,49,10,0,0,0,87,47,12,18,10,4
2020-03-28,60,34,0,0,43,8,55,10,52,53,41,35,32,27,49,35,99,84,0,0,60,76,52,74,35,0,36,0,32,92,32,43,30,0,37,3,0,46,21,45,62,36,0,33,76,7,0,1,26,0,52,37,29,0,38,53,0,61,11,0,0,0,0,36,10,46,13,4
2020-03-29,38,32,39,0,81,9,0,7,100,50,100,53,20,75,0,0,96,79,0,28,28,58,21,0,39,0,34,0,41,100,38,0,56,51,0,4,28,32,26,63,72,29,0,47,63,6,0,1,33,21,0,0,45,0,82,37,45,53,8,0,0,50,93,51,8,46,8,4
2020-03-30,34,47,34,0,21,12,45,14,43,45,49,35,12,59,81,73,96,70,0,25,25,54,54,61,41,0,30,37,45,88,45,36,25,0,31,4,49,66,24,83,95,43,39,37,53,6,0,0,27,0,0,0,47,0,62,38,39,32,11,0,0,44,0,60,9,55,8,2
2020-03-31,51,28,0,0,14,19,0,8,0,43,59,35,15,89,0,29,98,83,0,25,25,47,38,0,45,0,45,0,18,92,29,0,38,46,0,2,25,43,30,52,96,30,0,37,60,4,0,1,29,0,0,31,24,0,31,50,0,33,8,45,0,0,0,30,11,41,8,5
2020-04-01,51,0,0,62,36,18,0,12,0,41,84,35,6,74,40,29,100,83,0,25,0,47,48,61,52,0,0,0,36,84,42,0,0,46,0,2,61,57,35,46,93,30,0,32,53,5,1,0,22,0,0,0,31,0,94,39,39,54,10,45,0,0,0,90,9,35,9,2
2020-04-02,49,0,34,54,42,16,0,13,0,41,58,35,9,44,0,0,94,84,44,0,33,42,85,0,49,0,30,36,18,79,43,0,25,45,0,2,24,84,46,49,98,38,0,45,62,4,0,0,25,0,0,0,31,0,30,65,76,57,12,44,0,0,0,29,11,46,8,4
2020-04-03,34,56,34,41,72,23,0,14,0,49,54,71,6,44,0,29,96,68,0,25,33,51,78,0,75,0,0,37,36,76,56,36,25,0,61,2,49,43,70,51,100,35,0,64,62,5,1,0,18,19,0,0,39,42,31,25,39,43,12,67,0,0,83,45,7,53,5,3
2020-04-04,40,33,40,48,34,30,0,8,52,52,58,41,6,91,0,34,95,69,0,29,49,51,29,72,57,0,35,0,43,82,40,42,0,54,0,3,29,68,100,47,68,18,46,27,43,3,0,0,25,0,0,0,42,0,37,19,46,47,9,52,0,0,0,59,8,31,10,2
2020-04-05,29,33,79,47,41,21,0,14,0,54,63,40,4,43,0,0,95,83,0,0,48,45,28,0,69,0,34,43,62,87,42,42,0,0,36,2,56,33,72,37,62,33,0,32,62,3,1,0,31,0,100,0,27,0,36,32,45,34,12,0,0,0,0,0,7,64,9,4
2020-04-06,34,43,69,42,29,27,93,16,44,51,95,36,3,53,0,89,98,66,46,25,63,43,16,0,53,0,31,38,28,73,44,0,25,0,0,2,49,43,57,51,80,24,39,40,59,3,1,0,11,0,0,0,24,0,32,34,40,55,19,0,46,0,0,31,6,48,10,5
2020-04-07,26,44,35,42,30,12,0,25,45,51,97,61,5,62,0,30,96,71,47,0,60,39,20,0,54,0,62,0,19,80,39,0,26,47,0,3,0,30,52,38,86,27,0,19,43,3,1,1,34,0,0,0,37,0,32,52,41,41,22,46,0,0,0,42,7,33,8,3
2020-04-08,59,56,51,55,36,10,45,21,44,46,69,17,4,59,0,29,91,57,0,0,25,45,13,0,43,0,0,0,36,64,43,0,0,0,0,5,49,28,43,31,85,30,0,30,28,5,0,0,43,18,0,0,24,0,31,66,78,47,22,0,46,0,0,30,6,38,7,3
2020-04-09,33,55,100,0,35,8,0,15,0,43,34,34,9,43,39,28,84,53,0,24,36,42,68,0,37,0,0,36,18,75,33,35,24,44,0,3,48,56,38,41,82,27,0,27,25,1,1,0,11,0,43,0,23,41,30,27,38,46,13,0,0,43,0,29,5,37,13,3
2020-04-10,35,29,0,85,37,16,0,11,45,43,46,48,9,46,41,45,81,60,46,26,0,48,30,0,28,0,31,0,19,61,44,0,0,0,0,4,0,59,39,40,67,33,0,17,26,2,0,0,33,0,0,0,48,43,48,17,40,19,15,0,0,0,0,31,7,24,8,5
2020-04-11,39,0,0,48,25,17,53,18,0,33,46,20,11,39,46,34,77,50,0,0,43,44,19,0,25,0,35,0,42,73,35,42,29,0,0,2,0,33,46,34,60,20,0,24,25,1,1,0,29,0,0,0,41,0,36,19,0,38,17,0,0,0,0,35,6,56,6,4
2020-04-12,31,34,0,99,34,20,0,14,0,30,59,35,6,40,0,0,70,43,0,0,30,38,29,0,28,0,0,0,22,60,43,0,0,0,0,4,29,51,34,38,68,20,0,30,14,2,1,1,35,0,0,0,57,0,38,33,47,20,12,0,0,0,100,36,5,32,10,3
2020-04-13,50,46,0,40,35,20,0,15,0,38,19,17,8,22,0,28,84,44,0,0,25,49,50,60,26,0,29,36,35,74,36,0,0,0,30,6,24,56,30,23,67,44,0,38,17,3,1,1,32,0,0,31,23,0,61,32,38,39,13,0,0,43,0,30,5,29,7,4
2020-04-14,17,57,35,41,51,14,0,13,0,40,35,18,7,22,0,0,78,53,0,0,25,41,38,0,42,0,30,0,0,60,38,0,25,0,31,10,74,57,27,36,65,10,0,39,22,3,1,1,33,0,0,0,32,0,31,17,40,29,13,0,46,0,0,30,5,22,8,2
2020-04-15,33,27,33,40,14,20,0,10,0,39,48,23,11,21,0,28,82,37,44,0,48,42,36,60,47,0,29,0,35,65,38,35,24,0,59,9,36,55,29,70,70,21,0,13,12,2,1,1,21,0,42,30,38,0,30,37,38,25,11,0,0,0,81,29,6,45,7,4
2020-04-16,41,54,0,80,28,15,0,16,43,39,43,34,7,43,38,28,79,40,0,0,36,44,78,0,45,0,0,0,35,76,38,0,24,0,0,10,23,27,35,56,72,27,0,33,16,2,1,3,42,0,42,0,23,0,60,37,38,35,16,43,0,42,0,29,6,51,16,4
2020-04-17,25,28,34,41,0,20,0,16,0,38,39,35,8,33,0,0,80,46,0,0,25,46,13,0,41,0,0,0,0,63,39,0,0,0,30,16,72,38,36,27,69,26,39,27,14,2,1,2,22,0,0,61,23,41,62,25,78,38,15,0,0,0,82,45,6,49,7,2
2020-04-18,56,31,0,0,32,6,0,12,0,38,33,32,8,41,0,0,75,62,0,0,0,56,24,0,20,0,0,41,50,67,27,0,0,0,34,16,27,32,40,22,51,22,0,23,23,3,0,3,36,0,0,0,26,0,0,0,0,40,14,0,51,0,0,33,5,42,8,5
2020-04-19,20,33,40,96,17,20,0,15,0,31,43,21,3,26,0,0,73,48,53,29,58,53,19,0,25,0,35,43,21,67,41,0,29,0,36,13,57,34,32,27,45,23,0,24,15,3,1,4,38,0,0,37,28,0,37,19,46,25,17,52,0,0,0,35,6,45,9,1
2020-04-20,26,57,46,42,15,20,46,21,44,35,45,36,10,34,41,30,81,44,46,0,50,48,44,0,25,0,0,37,18,63,31,37,25,93,31,16,37,29,29,40,40,28,0,14,17,2,0,5,26,0,0,0,24,0,63,34,59,51,24,0,0,0,0,61,9,36,8,3
2020-04-21,65,27,33,39,55,16,0,22,0,38,35,25,8,21,0,0,84,43,43,0,24,48,28,59,34,0,0,0,17,66,43,0,0,44,0,18,58,27,27,31,54,23,0,7,22,2,0,2,14,0,0,0,68,0,60,42,0,45,22,0,44,0,0,29,7,48,6,1
2020-04-22,34,0,34,41,28,18,0,19,0,27,29,35,7,33,0,29,82,48,0,0,0,48,19,0,39,0,30,0,45,62,46,0,25,45,0,14,24,28,27,29,61,26,0,17,14,3,0,2,21,0,0,0,23,0,31,33,39,54,17,45,0,0,82,30,6,38,5,3
2020-04-23,60,29,52,41,14,25,46,21,0,33,49,27,7,22,41,0,79,42,0,25,0,46,59,0,60,0,0,0,36,64,54,0,50,46,62,13,49,29,26,28,61,22,0,19,19,2,1,2,33,0,0,31,0,42,31,33,39,29,18,0,0,0,0,90,6,32,14,3
2020-04-24,50,28,67,0,63,28,44,16,0,33,38,34,9,51,39,0,75,45,44,0,24,45,42,0,39,0,29,72,35,61,45,0,0,44,0,14,72,37,25,35,60,30,38,7,14,2,1,1,21,0,0,0,23,0,46,0,0,32,17,0,0,43,0,0,5,40,11,9
2020-04-25,100,100,40,0,34,24,0,8,0,24,17,21,6,0,0,34,66,30,53,0,59,41,34,0,23,0,59,44,43,55,43,0,0,54,0,11,43,67,30,30,38,15,0,14,11,2,1,1,39,0,0,0,37,0,74,20,0,32,9,0,0,0,0,54,7,26,14,9
2020-04-26,37,0,37,67,16,18,50,12,0,21,38,29,5,49,0,32,67,48,50,0,27,47,53,0,16,0,0,41,20,47,40,40,28,0,0,16,40,31,28,27,42,17,0,66,13,1,1,1,28,20,0,0,0,0,0,0,86,30,16,0,0,0,0,33,6,32,13,5
2020-04-27,24,27,0,39,21,18,0,18,0,21,42,39,7,0,0,0,75,47,0,0,24,46,26,0,33,0,29,0,69,58,39,0,0,43,0,22,23,41,27,36,58,27,0,31,18,2,0,1,16,0,0,0,45,0,45,47,37,41,18,0,0,0,0,29,7,53,8,4
2020-04-28,25,0,34,0,14,30,45,24,0,21,51,35,4,22,0,0,73,56,45,0,37,44,29,0,30,0,30,36,45,54,53,36,25,0,0,19,36,42,29,37,60,26,0,20,10,1,0,1,36,0,43,0,23,41,31,27,0,32,22,0,0,0,0,59,6,58,12,3
2020-04-29,60,0,52,0,22,24,0,25,0,19,35,54,6,45,41,0,70,43,0,0,0,42,30,0,27,0,0,0,37,47,61,73,25,0,31,13,50,0,32,23,63,26,0,21,8,2,1,1,33,0,0,31,48,42,63,17,0,22,23,0,0,0,0,30,5,44,8,3
2020-04-30,40,40,33,40,21,19,0,20,0,17,42,25,4,21,0,0,69,39,0,0,71,37,62,0,38,0,29,35,17,41,60,0,0,43,29,11,23,27,29,33,62,21,0,18,13,1,0,1,36,0,0,0,23,0,30,21,76,21,18,0,0,0,0,29,5,50,10,2
2020-05-01,50,28,0,0,36,7,0,15,0,17,44,29,3,51,40,0,65,33,44,0,0,36,53,0,28,0,60,0,18,50,49,0,0,44,30,11,24,0,39,35,56,26,0,34,8,3,1,2,25,0,0,0,23,0,31,22,0,21,13,0,0,0,0,59,5,35,8,4
2020-05-02,41,34,0,0,17,30,0,11,52,18,29,35,4,53,0,35,64,39,0,0,30,40,35,0,41,0,0,0,21,44,33,0,30,0,36,11,73,34,50,35,36,15,0,11,14,1,1,2,26,0,0,0,28,49,37,30,0,26,10,0,55,0,0,0,6,35,11,4
2020-05-03,21,34,42,100,18,14,0,15,0,19,27,36,3,45,0,0,65,29,0,0,30,37,40,0,84,0,0,0,45,43,42,0,0,56,0,11,30,58,40,26,28,29,48,14,9,2,1,3,22,0,0,38,29,0,0,41,48,20,12,55,0,0,0,0,5,32,10,5
2020-05-04,50,28,0,0,0,15,0,19,0,18,15,40,4,22,40,0,70,31,45,0,24,33,37,0,57,0,30,36,0,48,41,36,24,0,0,16,36,57,33,22,50,16,0,7,7,2,1,3,16,0,0,0,46,0,31,38,0,18,17,0,0,0,0,0,5,49,12,2
2020-05-05,24,0,0,0,33,19,42,17,0,17,23,16,3,62,0,0,68,34,0,0,0,39,37,0,35,0,0,34,17,51,46,34,46,0,28,13,23,26,38,23,54,36,0,16,9,3,1,3,34,0,0,0,22,0,58,31,37,17,16,0,42,0,0,28,4,49,9,3
2020-05-06,25,28,0,40,42,30,0,13,0,17,24,29,4,33,79,0,69,27,44,24,37,39,40,0,51,0,29,36,18,40,56,0,37,0,0,14,24,42,40,20,58,19,0,36,9,2,1,1,25,0,0,0,58,0,61,65,38,32,18,0,0,0,0,29,4,43,15,1
2020-05-07,34,28,34,0,14,23,0,21,0,16,22,18,4,22,40,0,68,43,0,0,25,36,24,0,29,0,30,0,18,48,59,36,50,45,30,17,24,28,31,22,59,13,0,37,9,1,1,1,22,0,0,0,24,0,0,33,39,16,19,0,46,0,0,30,5,20,8,4
2020-05-08,25,42,34,0,29,18,0,17,0,15,37,35,5,22,40,29,59,39,0,25,100,37,94,0,31,0,45,0,18,39,47,0,38,0,0,17,49,43,29,22,53,22,0,14,6,1,1,1,16,0,0,0,36,0,47,17,39,25,16,45,0,0,0,30,3,18,16,2
2020-05-09,57,0,38,0,32,20,51,19,0,16,0,39,4,37,0,0,58,39,0,0,28,39,45,0,20,0,33,41,0,38,43,40,28,0,34,14,0,32,31,21,33,17,0,27,4,2,1,1,32,0,0,0,39,0,34,18,43,18,19,0,0,0,0,0,5,49,11,5
2020-05-10,20,0,0,48,17,25,0,13,0,17,17,34,5,35,0,34,57,42,0,0,29,34,41,0,23,0,53,43,0,57,38,0,0,0,36,17,0,100,30,27,34,15,0,13,7,1,0,1,63,0,0,36,28,0,36,19,46,34,12,0,54,0,0,35,4,31,28,4
2020-05-11,17,28,67,0,28,23,0,23,0,17,29,26,4,22,40,29,67,36,0,24,36,35,24,0,35,0,0,0,18,43,49,0,25,0,60,26,24,28,26,31,49,19,0,16,11,1,1,1,25,0,0,30,35,41,31,16,38,25,20,0,0,0,0,0,5,37,6,3
2020-05-12,51,28,34,41,14,17,0,24,44,16,39,53,7,22,40,0,63,38,0,25,25,33,32,0,25,0,30,0,18,43,48,0,0,0,0,24,49,29,25,30,52,39,0,51,11,2,1,1,44,0,0,31,0,0,31,25,0,18,21,0,0,88,0,0,4,26,8,3
2020-05-13,34,29,35,42,15,20,46,18,44,16,30,42,5,38,0,30,68,28,0,0,0,34,25,0,22,0,0,0,0,43,47,0,51,0,0,21,49,29,25,19,54,64,0,35,6,4,1,1,26,0,0,0,48,0,0,45,0,18,19,0,46,0,0,31,8,51,7,5
2020-05-14,35,29,0,85,22,21,47,19,0,16,15,48,3,69,0,0,67,22,47,0,26,33,36,64,33,0,0,38,19,37,42,0,39,0,0,12,76,30,24,17,49,36,0,14,4,2,1,1,19,0,0,32,49,0,0,26,0,34,18,0,47,0,0,31,7,33,7,4
2020-05-15,26,29,35,63,44,15,0,28,0,15,25,36,10,23,0,0,66,36,0,0,0,35,30,64,42,0,31,38,28,45,47,0,26,0,31,22,37,29,24,24,45,22,0,11,6,2,1,1,19,0,0,0,24,0,32,25,40,33,27,0,0,0,0,31,8,18,4,2
2020-05-16,41,0,0,0,35,14,0,9,0,15,42,21,15,27,0,0,60,35,0,30,0,31,20,0,17,0,0,45,0,40,38,44,0,0,0,14,30,35,28,21,25,20,0,14,6,2,1,1,26,0,0,0,76,0,38,60,94,26,12,0,0,0,0,36,10,36,7,4
2020-05-17,41,34,41,73,17,12,0,19,0,15,70,31,7,35,0,35,56,36,0,0,0,36,22,0,17,0,0,44,43,47,38,0,30,54,36,18,29,0,24,24,37,23,0,11,6,1,1,1,19,0,0,0,47,0,56,20,0,13,19,0,0,0,98,36,6,28,0,2
2020-05-18,33,27,33,40,21,42,44,24,0,18,21,17,5,32,0,85,78,33,0,0,24,34,26,0,38,0,44,0,18,41,94,35,24,0,0,100,0,37,23,22,42,31,0,10,11,0,2,1,56,0,0,0,68,0,45,16,0,28,22,0,0,0,0,29,6,23,4,3
2020-05-19,0,0,34,55,29,30,45,17,0,13,44,26,6,37,0,29,61,39,45,0,0,37,19,0,49,0,30,0,0,32,67,0,25,0,0,25,24,43,22,23,45,32,0,7,5,1,1,1,11,0,0,0,59,0,63,49,0,33,18,45,45,0,0,30,5,70,4,2
2020-05-20,0,29,35,63,22,19,0,26,0,12,15,30,6,23,0,30,64,26,0,0,25,30,33,0,66,0,31,0,18,44,48,0,0,0,31,17,37,29,23,13,43,29,0,11,8,2,1,1,26,0,0,0,36,0,32,34,79,22,24,0,0,0,0,31,4,27,4,2
2020-05-21,36,0,36,43,15,18,0,19,0,11,16,28,4,23,0,0,60,26,0,0,26,25,48,0,68,0,0,0,38,40,47,39,27,0,0,14,26,30,25,21,46,30,0,7,9,2,1,1,19,0,46,0,37,0,0,17,0,12,17,48,0,0,0,32,4,34,9,4
2020-05-22,37,31,0,45,24,24,50,13,0,11,49,26,4,24,0,0,58,25,0,0,0,30,29,0,26,0,0,0,30,42,46,0,27,0,0,15,27,31,22,19,35,21,0,30,6,1,1,1,32,0,0,0,43,0,69,54,43,16,13,0,0,0,0,33,4,42,9,5
2020-05-23,20,57,0,0,17,16,0,14,0,11,18,53,5,53,0,35,55,25,54,0,30,30,15,0,24,0,0,44,22,40,46,0,30,0,55,12,73,0,26,14,22,18,0,25,5,1,1,1,39,0,0,38,43,0,0,27,47,26,12,54,0,0,0,36,3,18,10,4
2020-05-24,21,0,0,51,72,19,57,10,0,12,0,44,2,0,0,37,54,32,57,0,31,30,10,0,27,0,0,0,0,34,36,0,0,0,38,16,31,36,22,22,21,12,0,9,10,2,1,1,14,0,0,0,74,0,0,21,0,14,10,0,0,0,0,56,3,15,0,1
2020-05-25,40,0,0,49,51,18,54,13,0,12,26,48,3,26,0,68,55,40,0,29,0,25,14,0,40,0,36,0,21,41,33,42,0,0,0,18,29,33,21,17,16,19,0,8,4,3,0,1,19,0,0,0,28,0,92,20,93,17,12,52,0,0,98,36,4,31,10,2
2020-05-26,17,29,35,0,0,24,0,19,0,12,15,45,3,23,0,30,60,28,47,0,0,34,19,0,41,0,0,38,19,34,38,0,0,46,94,14,25,29,20,28,35,16,0,7,6,3,1,1,15,19,0,0,73,43,32,25,40,34,20,0,47,0,0,0,2,21,10,5
2020-05-27,17,29,0,42,0,12,0,13,0,11,23,60,3,45,0,30,57,40,0,25,25,24,11,0,44,0,0,0,37,35,36,0,25,0,0,13,0,29,19,25,41,22,0,14,6,1,3,2,22,0,0,0,24,0,32,25,0,28,18,0,0,0,0,31,2,39,6,4
2020-05-28,17,0,34,41,44,17,0,16,0,10,30,47,2,23,0,0,54,21,0,0,0,23,43,0,45,0,0,0,0,46,39,0,25,0,0,12,0,0,21,23,43,26,0,7,8,1,9,6,71,0,0,0,24,0,47,17,0,11,12,0,0,0,0,0,2,44,15,6
2020-05-29,17,0,35,42,22,17,47,14,0,9,15,45,2,34,0,0,52,26,0,0,0,28,36,0,31,0,31,38,0,38,38,0,25,0,0,12,0,29,19,15,36,31,0,7,4,2,16,14,44,0,0,0,24,42,64,34,0,22,15,0,0,0,0,31,2,24,8,1
2020-05-30,0,0,0,0,0,18,0,14,0,10,18,42,2,27,0,0,48,26,0,0,0,22,19,0,24,0,0,0,43,34,22,0,30,0,0,12,29,0,19,24,21,23,0,8,11,1,33,44,39,22,0,0,28,0,37,20,0,26,12,0,0,0,0,0,4,26,7,3
2020-05-31,21,0,0,0,18,20,0,11,53,9,18,22,2,0,0,0,38,26,0,0,30,16,15,0,26,0,0,0,0,35,31,0,30,0,0,12,0,35,17,13,21,13,0,0,7,2,53,78,35,0,0,0,43,0,38,20,0,13,12,0,0,53,0,0,3,50,5,6
2020-06-01,0,29,0,42,15,10,0,22,0,9,35,0,3,23,0,0,49,28,46,25,25,19,19,0,22,0,0,38,28,30,33,0,26,0,0,10,0,59,17,10,43,13,0,7,8,3,62,100,100,0,0,32,24,0,32,23,40,30,19,0,0,0,0,61,4,18,10,3
2020-06-02,34,0,0,0,0,14,0,16,0,9,23,18,4,23,0,59,45,28,0,0,0,21,22,0,22,0,31,0,18,35,33,0,25,0,0,15,37,29,15,14,41,18,0,14,4,2,100,79,66,0,0,0,24,0,32,39,40,22,14,0,0,0,0,31,1,27,4,4
2020-06-03,33,28,0,0,21,7,0,15,0,8,0,25,4,22,0,28,46,21,0,0,0,17,13,0,37,0,0,0,18,46,27,0,24,0,0,8,24,28,13,14,42,19,0,7,4,1,71,64,25,0,0,30,23,0,30,32,38,28,15,0,0,0,0,0,1,28,0,2
2020-06-04,50,0,0,0,28,15,0,12,0,9,19,35,3,22,0,29,46,24,45,0,0,24,18,0,32,0,0,0,18,47,37,0,25,0,0,10,48,0,15,8,35,23,0,9,6,1,60,44,36,0,0,0,0,0,0,49,38,21,12,0,0,0,0,0,2,35,6,3
2020-06-05,0,0,0,0,14,20,45,14,0,8,24,17,4,0,0,29,42,21,0,0,0,22,66,61,12,0,30,72,18,33,27,0,25,0,30,9,0,28,13,7,31,17,39,14,15,3,66,36,32,0,0,0,31,0,31,16,0,16,13,0,0,0,0,30,1,32,7,2
2020-06-06,39,33,40,48,0,20,53,11,0,9,17,31,2,26,0,0,43,27,53,0,0,18,53,0,17,0,0,0,21,38,24,0,29,0,0,14,0,66,15,12,19,8,46,8,4,2,65,43,25,0,0,0,55,0,36,77,0,21,9,0,0,0,0,35,3,41,5,3
2020-06-07,20,0,40,97,0,16,0,10,0,8,23,31,1,53,0,0,45,27,54,0,30,25,19,0,28,0,35,0,0,35,20,0,30,54,36,17,0,0,15,9,17,10,0,8,5,2,50,32,43,0,0,0,28,0,37,29,0,19,11,0,0,0,0,0,1,17,6,4
2020-06-08,49,0,0,40,0,18,0,20,43,9,29,17,2,44,0,28,49,28,0,0,0,23,23,0,17,0,29,0,0,37,27,0,0,0,0,17,47,69,14,13,33,17,0,7,11,1,44,21,28,0,0,0,23,0,31,24,0,31,25,0,44,0,0,0,2,23,4,2
2020-06-09,66,28,33,0,14,11,0,22,0,8,36,26,2,22,0,28,49,34,0,0,0,29,21,0,30,0,29,36,0,37,32,0,25,0,30,15,24,0,16,12,36,27,0,9,4,3,36,15,28,0,0,0,23,0,61,16,39,18,20,0,0,0,0,58,2,26,5,2
2020-06-10,17,0,0,42,30,21,0,18,45,8,20,36,2,23,0,0,50,21,46,0,0,21,14,0,26,0,0,38,19,40,35,0,0,0,0,12,75,59,16,15,37,31,0,12,4,3,24,13,30,0,0,0,40,43,32,17,80,33,18,0,0,0,0,31,1,24,6,3
2020-06-11,17,28,0,40,42,18,0,18,43,9,43,17,1,22,0,28,48,26,0,0,0,24,26,0,21,0,29,36,27,43,39,0,0,0,0,13,24,0,16,11,34,34,0,10,0,4,31,10,36,0,0,0,23,0,31,16,0,11,21,0,0,0,0,29,1,26,4,2
2020-06-12,55,0,0,45,16,16,0,23,0,8,16,19,2,36,44,32,50,20,0,0,0,12,13,0,18,0,0,0,0,49,36,0,54,0,0,11,26,62,14,9,30,7,0,0,6,3,26,7,28,0,0,0,0,0,68,24,0,18,20,0,0,0,0,0,1,38,4,2
2020-06-13,22,0,0,0,0,15,0,10,0,8,57,45,1,29,51,0,44,26,0,32,32,19,10,0,18,0,0,0,46,39,30,46,32,59,0,9,31,0,17,9,15,19,100,9,5,2,30,9,35,0,0,0,30,0,0,0,50,14,9,0,0,0,0,38,1,11,8,3
2020-06-14,21,0,0,0,18,21,0,13,0,8,0,22,0,0,0,0,45,32,0,0,0,18,20,0,14,0,38,0,0,38,32,0,0,0,39,10,0,0,17,12,15,14,0,9,7,1,23,12,21,0,55,0,30,0,0,21,0,27,14,0,0,0,0,0,3,22,8,1
2020-06-15,18,0,0,0,15,11,0,32,0,8,15,46,2,23,0,30,56,27,0,0,26,17,14,0,31,0,0,0,0,42,34,38,26,0,64,9,25,45,15,7,31,27,0,7,4,1,21,6,23,0,46,0,0,0,0,35,41,15,33,0,48,0,0,31,2,28,11,4
2020-06-16,35,58,36,43,0,22,0,31,0,8,30,18,2,46,0,0,56,33,0,0,26,18,25,0,13,0,31,38,55,39,42,0,26,0,0,8,100,30,16,15,33,22,0,0,12,2,19,5,30,0,0,33,24,0,49,17,41,34,32,0,0,0,0,31,1,21,4,3
2020-06-17,0,62,37,44,15,22,0,36,0,8,31,57,2,24,0,31,54,24,0,0,0,20,14,0,35,0,49,0,19,47,43,0,0,49,0,9,0,0,15,13,33,21,0,7,6,1,19,5,27,0,0,0,0,0,34,36,0,16,35,0,0,0,0,0,1,41,9,3
2020-06-18,0,0,0,44,31,16,0,28,0,8,16,19,2,24,0,0,49,24,0,27,27,20,29,0,19,0,32,0,20,40,31,0,27,0,33,8,0,0,16,8,34,14,0,15,4,1,18,5,39,0,0,0,34,0,50,0,42,23,28,0,0,0,0,0,1,38,10,2
2020-06-19,0,0,39,47,49,11,0,24,0,9,25,20,3,0,0,100,57,25,0,0,0,14,28,0,18,0,0,0,21,44,31,0,28,52,0,10,28,32,17,7,24,20,45,8,0,1,18,4,37,0,0,0,40,0,36,0,44,31,24,51,0,100,0,0,1,25,6,7
2020-06-20,56,37,0,54,19,22,0,25,0,9,19,23,3,0,0,38,55,32,0,0,33,15,21,0,14,0,39,0,24,59,35,0,66,0,0,6,32,37,18,11,16,8,0,9,5,2,17,7,0,0,0,0,46,0,41,0,51,21,20,58,0,0,0,0,2,11,0,1
2020-06-21,0,0,0,53,19,16,0,19,0,8,19,0,1,58,0,0,46,34,0,0,65,14,16,0,11,0,0,0,23,45,34,0,0,0,0,4,0,56,16,14,14,17,0,9,5,1,12,2,33,0,0,0,31,0,0,21,0,14,18,0,0,0,0,39,1,30,8,3
2020-06-22,18,31,37,44,16,29,0,24,0,9,24,28,2,24,0,47,57,37,0,0,0,15,22,100,27,0,0,80,0,49,41,0,0,0,0,7,26,0,15,10,27,26,0,8,12,2,11,4,35,0,0,0,26,0,34,18,42,16,24,49,49,0,0,32,1,16,7,2
2020-06-23,27,0,0,0,62,33,0,29,47,8,40,32,2,0,43,31,57,19,0,0,27,14,20,67,27,0,0,40,19,47,38,39,36,49,0,6,79,72,14,9,27,23,0,27,6,2,11,3,16,0,0,0,77,0,34,18,43,23,33,0,0,0,0,48,2,38,6,3
2020-06-24,36,0,37,43,31,25,49,39,0,9,24,37,1,24,0,0,59,36,0,0,0,27,17,0,19,0,0,0,19,49,41,0,40,49,32,7,26,0,14,12,27,9,42,15,10,6,11,3,52,20,0,34,0,0,34,35,41,23,40,0,0,0,0,32,1,31,4,2
2020-06-25,28,31,0,45,16,22,0,38,0,10,32,48,3,24,0,48,67,43,0,0,55,34,21,0,43,0,0,0,40,68,46,39,37,0,34,6,67,47,21,11,25,21,0,8,6,6,11,3,16,0,0,0,39,0,46,0,43,12,36,0,0,0,0,0,2,22,18,4
2020-06-26,0,0,0,47,16,25,0,41,0,10,56,30,4,50,0,66,69,49,0,0,0,18,12,0,24,0,34,0,0,67,43,41,28,0,69,8,28,64,21,5,24,11,0,16,7,3,13,3,20,0,0,0,54,0,0,37,0,33,44,0,0,0,0,51,2,33,9,1
2020-06-27,42,0,0,51,36,21,0,36,0,10,55,22,1,28,100,36,62,47,0,0,0,25,10,77,20,0,0,0,0,67,30,0,63,0,0,5,0,0,21,12,16,24,0,9,7,5,14,4,36,0,0,39,29,0,38,20,0,27,36,0,57,0,0,37,2,25,5,2
2020-06-28,20,0,0,48,0,34,0,41,0,11,23,48,1,26,47,0,60,42,0,0,30,18,19,0,15,0,0,0,21,61,41,0,29,54,0,7,29,34,18,11,12,15,0,0,9,4,10,2,30,0,0,0,28,0,74,20,46,17,41,0,0,0,0,0,1,26,5,3
2020-06-29,52,0,35,99,30,26,47,57,0,10,36,46,2,46,0,30,65,51,0,0,25,17,8,0,20,0,0,38,19,63,44,0,26,0,31,6,25,29,18,14,23,13,41,7,7,4,11,3,19,19,0,0,24,0,32,26,0,26,54,0,0,0,0,31,2,32,15,5
2020-06-30,18,30,37,0,23,29,0,55,0,11,40,50,2,24,43,62,72,51,0,0,27,34,22,0,46,0,0,0,20,79,49,0,27,49,49,6,52,61,19,6,29,16,0,11,8,11,10,2,35,0,0,0,0,0,0,18,0,19,51,0,0,0,0,32,2,28,4,5
2020-07-01,18,0,38,44,32,26,0,53,0,10,56,38,3,49,0,31,67,47,0,0,27,38,20,0,31,0,33,40,0,73,60,0,54,100,66,4,40,31,23,9,26,14,43,8,7,4,10,2,36,0,0,34,0,0,34,36,0,36,49,0,0,0,0,33,1,38,4,2
2020-07-02,38,0,0,0,16,35,0,52,51,11,40,34,3,0,0,0,67,47,0,29,28,26,60,0,21,0,34,43,21,70,49,0,29,53,35,5,0,65,19,14,20,30,45,16,7,5,12,1,62,21,0,0,27,0,36,38,45,19,45,0,0,0,0,34,2,20,5,4
2020-07-03,41,0,0,50,17,31,0,41,53,10,36,32,3,0,98,35,66,58,55,0,0,21,10,0,15,0,0,0,33,66,39,44,0,0,37,3,59,35,21,10,12,8,0,8,5,3,11,2,18,0,0,0,29,0,38,30,47,13,41,54,0,0,0,36,3,16,10,3
2020-07-04,24,40,0,0,30,35,0,23,0,10,42,99,2,0,0,41,53,57,0,0,0,20,17,0,20,0,42,0,25,57,36,0,0,0,43,2,34,0,18,7,9,12,0,19,5,0,12,3,46,0,0,0,100,0,0,0,55,38,25,0,0,0,0,0,2,12,8,3
2020-07-05,23,39,0,0,40,28,0,37,60,10,34,61,1,61,0,40,61,53,0,0,0,20,19,0,20,0,0,0,50,60,35,100,34,0,0,6,34,59,18,9,12,9,0,19,8,2,15,3,25,0,0,0,33,0,43,23,54,22,34,0,0,0,0,0,1,18,13,2
2020-07-06,0,31,38,0,40,35,0,54,97,10,50,78,2,62,0,48,79,56,50,0,0,17,13,0,48,0,33,41,20,57,45,0,0,0,0,7,0,95,17,9,22,29,0,11,4,3,12,2,12,21,0,0,52,0,35,18,44,36,54,0,0,0,0,0,2,36,18,2
2020-07-07,38,0,38,45,0,30,0,53,0,10,60,78,3,0,45,32,69,58,0,0,28,24,15,0,38,0,33,41,40,49,49,0,56,51,0,5,27,53,19,9,26,14,0,23,6,2,10,2,24,41,0,0,44,0,35,0,44,36,57,0,50,0,0,33,1,52,7,3
2020-07-08,19,0,0,45,16,22,51,51,48,10,54,91,2,25,0,32,76,62,0,0,28,22,9,0,26,0,33,0,20,56,49,0,28,50,0,5,0,47,18,17,29,29,0,15,17,2,10,3,48,75,0,34,35,0,69,37,0,56,54,0,0,0,0,0,1,24,7,4
2020-07-09,38,32,38,69,40,15,0,53,0,9,44,29,3,100,0,49,69,49,50,0,0,22,32,0,14,0,0,41,20,54,56,0,0,0,0,3,0,32,20,8,23,15,0,15,4,2,13,1,24,55,0,35,53,47,0,19,0,30,51,0,0,0,0,34,2,29,14,4
2020-07-10,38,32,0,47,16,11,52,54,0,10,28,53,4,51,0,33,65,56,0,0,28,14,18,70,22,0,0,0,41,53,42,0,28,0,35,3,0,65,19,7,21,10,0,20,4,2,12,2,25,63,0,35,40,0,0,19,90,37,62,0,0,0,0,0,1,23,5,3
2020-07-11,54,0,44,0,73,28,0,30,56,9,38,52,2,28,0,37,65,46,57,0,32,18,26,0,21,0,0,47,23,61,39,0,0,0,39,3,31,36,21,11,13,21,0,13,0,3,8,1,35,71,0,0,30,0,60,21,100,23,35,57,0,0,0,77,1,39,8,1
2020-07-12,22,37,0,0,19,31,0,44,57,10,26,100,2,49,0,0,70,64,0,0,32,18,14,0,33,0,39,48,47,68,40,0,33,0,0,4,32,37,22,10,13,26,0,12,10,1,7,1,14,49,0,0,0,0,41,33,52,21,44,60,0,57,0,79,1,23,9,3
2020-07-13,74,0,37,0,63,33,0,49,48,11,40,57,3,72,0,31,78,55,0,0,0,18,13,0,49,0,49,0,20,68,62,0,40,49,33,5,26,61,18,6,25,31,42,23,4,1,11,1,24,41,48,0,0,0,33,27,0,24,54,0,0,0,0,0,1,16,0,3
2020-07-14,27,30,0,87,46,55,0,65,0,11,47,50,3,48,43,0,77,41,0,0,27,26,26,0,27,0,0,0,38,70,58,0,27,0,65,5,52,61,18,12,27,14,42,20,9,1,6,1,41,0,0,0,0,44,0,26,0,12,60,0,0,0,0,0,2,34,6,4
2020-07-15,38,63,0,46,48,54,50,60,0,10,44,59,2,0,0,0,78,40,50,28,56,18,0,0,54,0,0,0,40,63,100,0,28,0,34,4,41,47,23,12,25,29,44,15,6,2,10,2,12,21,0,0,61,0,69,43,43,40,58,0,0,0,0,33,2,33,5,4
2020-07-16,19,0,0,94,16,52,0,56,0,8,42,40,3,51,0,50,75,61,0,0,0,18,46,0,37,0,0,42,41,64,66,0,29,0,35,3,56,49,23,11,25,15,0,18,4,2,8,2,12,21,0,0,45,0,36,19,45,44,54,0,0,0,0,34,1,27,5,7
2020-07-17,0,65,0,0,25,44,52,50,0,8,23,50,4,0,0,0,71,55,0,0,29,22,28,0,33,0,70,0,42,62,61,0,29,0,35,3,84,66,24,5,20,30,0,16,13,3,5,3,33,43,0,0,41,0,54,57,90,17,48,51,0,0,0,0,2,20,5,6
2020-07-18,35,0,47,0,40,19,63,27,0,8,41,40,3,92,0,40,67,48,0,0,52,18,19,0,37,0,41,0,100,62,42,50,35,0,42,3,34,39,21,12,8,12,0,19,5,2,4,3,60,0,0,0,49,0,43,23,0,30,31,62,0,61,0,0,1,28,6,5
2020-07-19,46,0,46,56,20,32,0,44,0,8,0,60,0,45,55,40,72,37,0,0,0,20,33,0,39,0,0,0,0,69,51,0,34,62,83,3,33,0,19,4,10,18,0,28,7,2,7,2,25,0,0,0,97,0,42,23,53,25,41,0,0,0,0,41,1,12,5,3
2020-07-20,38,47,38,46,40,54,0,63,0,8,33,59,5,74,0,65,75,42,51,28,28,22,18,0,40,0,34,83,40,62,83,0,28,51,34,4,27,32,20,12,23,33,0,13,13,4,8,3,18,21,0,0,26,0,35,56,44,20,63,50,0,0,0,0,1,20,9,3
2020-07-21,19,0,0,46,40,49,0,59,0,9,44,39,6,50,0,33,70,40,0,0,28,18,27,69,20,0,33,0,50,53,64,0,84,0,69,2,82,32,20,12,26,17,0,18,6,3,7,3,20,0,0,0,53,0,35,37,44,37,58,51,52,0,0,0,1,33,8,4
2020-07-22,37,0,0,45,32,39,100,62,0,8,16,29,7,24,0,43,70,41,0,0,27,20,18,0,38,0,100,0,20,54,68,0,28,0,34,4,81,32,19,17,30,24,86,18,4,2,5,4,24,0,0,0,0,0,52,27,0,32,60,0,50,0,0,33,0,26,4,3
2020-07-23,18,0,0,0,0,38,49,49,0,8,32,25,8,48,0,53,73,32,0,0,41,20,18,0,16,0,33,41,97,77,47,0,27,0,33,2,40,31,20,9,27,14,42,20,6,2,7,3,18,0,0,0,39,45,50,27,42,12,51,0,0,0,0,76,1,29,4,3
2020-07-24,39,0,0,63,33,29,0,65,0,8,51,30,7,26,0,33,81,30,0,0,29,41,28,0,41,0,0,0,21,72,54,0,86,0,35,2,28,33,20,5,20,30,0,69,4,15,12,2,12,0,0,0,54,0,36,38,0,25,70,52,0,0,0,52,1,17,7,3
2020-07-25,23,0,0,0,19,20,61,62,0,7,20,71,6,30,0,0,69,45,61,0,0,33,22,0,29,0,81,50,24,62,30,0,56,0,0,3,49,38,19,6,12,15,0,15,10,14,10,3,22,25,0,42,32,0,84,44,53,19,60,0,0,0,0,81,2,12,5,4
2020-07-26,0,38,93,56,39,34,0,40,59,8,20,55,5,30,0,39,75,36,0,0,0,28,16,0,34,0,40,0,0,82,29,0,34,61,41,3,33,0,17,10,13,26,52,14,0,13,8,5,15,0,0,42,32,0,42,33,0,19,36,0,0,0,0,40,1,47,8,5
2020-07-27,19,32,38,46,24,49,0,77,0,8,22,40,10,50,0,33,89,56,0,0,28,30,21,0,37,0,34,0,31,67,68,0,0,0,0,3,28,33,19,11,22,37,0,10,4,12,7,2,12,0,0,35,54,48,35,38,44,20,85,0,0,0,0,91,1,30,5,3
2020-07-28,37,31,76,0,48,41,0,77,0,7,32,29,10,49,0,0,87,44,49,0,27,26,27,0,40,0,33,40,30,75,52,40,55,0,34,3,27,31,18,10,23,36,0,25,4,7,7,2,20,20,0,0,77,46,57,36,43,12,85,0,100,0,0,99,1,32,9,5
2020-07-29,19,43,0,46,41,40,51,82,0,8,28,46,10,25,0,66,87,57,51,28,28,28,21,70,35,0,34,63,20,61,55,41,28,0,35,3,28,32,18,11,25,22,0,13,4,6,6,2,16,0,0,0,54,95,0,25,44,25,75,51,0,0,0,51,1,33,9,7
2020-07-30,19,31,0,45,40,28,50,69,0,8,33,26,7,74,0,54,89,58,100,0,0,23,21,0,36,0,33,41,30,72,69,0,0,0,0,3,41,42,19,12,23,22,0,11,4,6,6,3,18,0,0,0,39,69,69,27,44,28,66,0,0,0,0,50,2,39,7,5
2020-07-31,20,0,40,48,50,41,0,67,0,8,26,27,6,0,0,34,78,52,53,0,0,26,13,0,25,0,0,43,21,64,52,42,58,53,0,2,57,33,16,5,16,25,0,22,7,12,6,2,38,0,0,0,46,0,0,48,69,13,64,52,0,0,0,53,1,21,11,4
2020-08-01,0,38,46,0,39,32,0,65,0,8,40,32,6,30,0,0,75,59,62,0,34,25,11,0,11,0,40,100,37,73,44,0,0,0,0,2,82,38,20,11,13,12,0,25,5,7,8,3,29,100,0,0,32,0,42,45,53,15,68,60,62,0,0,54,1,30,15,2
2020-08-02,43,0,66,52,37,28,0,63,0,7,19,68,4,29,0,37,74,63,58,32,0,24,10,80,23,0,39,94,69,62,41,0,32,0,39,3,0,73,17,8,13,14,0,18,10,7,4,2,37,72,0,0,31,0,40,32,0,28,59,58,0,0,0,39,1,26,5,3
2020-08-03,19,0,38,0,32,47,0,100,0,8,17,39,8,25,0,66,84,53,51,0,28,24,12,0,26,0,34,42,41,69,58,41,0,51,34,2,55,64,18,9,24,34,0,15,4,6,5,2,24,31,0,0,53,0,70,25,44,16,100,0,51,0,0,51,1,39,6,4
2020-08-04,18,0,0,44,15,38,49,91,47,8,32,38,6,40,0,0,79,58,0,0,27,31,17,0,37,0,32,0,19,65,44,0,80,0,33,3,26,61,14,10,25,25,0,7,8,9,6,1,18,0,0,0,50,0,33,0,0,23,92,48,49,0,0,0,1,25,9,5
2020-08-05,19,0,38,92,73,54,0,86,0,8,22,39,9,25,0,33,93,52,51,0,0,41,18,0,38,0,34,0,41,76,52,0,28,0,0,2,82,75,16,11,23,22,0,8,0,14,5,0,24,21,0,0,53,46,0,19,44,18,89,0,0,49,0,51,2,39,5,4
2020-08-06,19,64,39,47,41,36,0,79,100,7,34,80,9,25,0,33,82,45,0,0,0,27,9,0,22,0,34,0,21,63,58,0,86,0,0,2,56,0,16,9,25,12,0,39,4,12,5,1,19,0,0,0,54,0,0,28,45,16,75,51,52,0,0,51,1,27,5,6
2020-08-07,29,33,79,71,58,31,53,96,50,7,0,54,12,52,0,0,82,51,0,0,0,29,31,0,15,0,0,0,21,57,50,0,29,0,0,2,84,65,18,5,18,22,0,11,4,15,2,1,25,32,0,0,55,0,36,57,45,17,91,51,53,0,0,69,1,27,5,4
2020-08-08,0,38,0,55,29,34,61,79,58,7,59,23,6,30,0,39,73,52,0,0,0,19,32,0,17,0,0,0,24,48,41,48,50,0,81,2,49,57,18,6,12,22,0,12,5,8,3,1,22,0,0,0,32,55,42,37,0,15,73,0,0,0,0,40,2,18,0,3
2020-08-09,23,38,0,54,19,43,0,60,59,7,26,35,8,74,0,39,70,47,0,0,33,23,16,0,22,0,40,0,24,52,53,0,100,0,0,2,33,38,20,6,10,17,0,9,7,6,3,1,15,37,0,0,32,0,0,22,0,22,62,0,0,0,0,0,2,27,8,6
2020-08-10,19,48,39,0,16,34,51,91,0,6,17,40,6,25,0,66,83,71,0,0,0,21,18,70,26,0,0,0,31,62,49,41,47,0,34,1,41,32,18,9,26,29,0,8,6,6,4,1,18,0,49,0,27,47,0,19,0,29,88,0,0,0,0,34,1,30,5,14
2020-08-11,19,0,0,45,40,100,0,93,0,7,33,71,5,49,0,0,91,48,0,0,27,20,18,0,34,0,0,0,20,69,98,0,55,0,84,2,27,32,20,3,23,24,0,0,4,7,5,1,30,20,0,0,0,0,52,24,0,20,92,49,0,0,0,33,2,19,4,13
